id,demand
8709,15
8710,15
8712,15
8713,15
8714,15
8715,15
8716,15
8717,15
8718,15
8719,15
8720,15
8722,15
8724,15
8725,15
8726,15
8727,15
8728,15
8729,15
8730,15
8732,15
8733,15
8734,15
8735,15
8736,15
8737,15
8738,15
8739,15
8740,15
8741,15
8742,15
8743,15
8745,15
8746,15
8749,15
8750,15
8751,15
8752,15
8753,15
8754,15
8755,15
8756,15
8758,15
8759,15
8760,15
8761,15
8762,15
8763,15
8764,15
8765,15
8766,15
8768,15
8769,15
8770,15
8771,15
8772,15
8773,15
8774,15
8776,15
8777,15
8778,15
8781,15
8782,15
8783,15
8784,15
8785,15
8786,15
8787,15
8789,15
8791,15
8792,15
8793,15
8796,15
8797,15
8798,15
8799,15
8801,15
8802,15
8803,15
8804,15
8805,15
8806,15
8807,15
8808,15
8809,15
8810,15
8811,15
8813,15
8814,15
8816,15
8817,15
8818,15
8819,15
8820,15
8821,15
8824,15
8825,15
8826,15
8827,15
8828,15
8829,15
8831,15
8832,15
8833,15
8834,15
8835,15
8836,15
8837,15
8838,15
8841,15
8842,15
8843,15
8844,15
8846,15
8847,15
8848,15
8849,15
8851,15
8852,15
8853,15
8854,15
8855,15
8856,15
8859,15
8862,15
8864,15
8865,15
8866,15
8867,15
8868,15
8870,15
8871,15
8873,15
8875,15
8876,15
8877,15
8878,15
8879,15
8880,15
8881,15
8883,15
8884,15
8885,15
8886,15
8887,15
8888,15
8889,15
8890,15
8891,15
8892,15
8893,15
8894,15
8895,15
8899,15
8901,15
8903,15
8904,15
8906,15
8908,15
8910,15
8911,15
8912,15
8914,15
8916,15
8917,15
8918,15
8919,15
8921,15
8922,15
8923,15
8924,15
8925,15
8927,15
8929,15
8931,15
8933,15
8934,15
8935,15
8936,15
8937,15
8938,15
8939,15
8940,15
8941,15
8942,15
8943,15
8944,15
8946,15
8947,15
8949,15
8950,15
8951,15
8952,15
8953,15
8954,15
8955,15
8956,15
8957,15
8958,15
8959,15
8960,15
8962,15
8963,15
8964,15
8965,15
8966,15
8967,15
8968,15
8969,15
8970,15
8971,15
8973,15
8974,15
8976,15
8979,15
8980,15
8981,15
8982,15
8983,15
8986,15
8987,15
8989,15
8990,15
8992,15
8993,15
8994,15
8997,15
8998,15
8999,15
9000,15
9001,15
9002,15
9004,15
9005,15
9006,15
9007,15
9008,15
9009,15
9010,15
9011,15
9012,15
9013,15
9014,15
9015,15
9016,15
9017,15
9018,15
9020,15
9021,15
9022,15
9023,15
9025,15
9026,15
9027,15
9029,15
9030,15
9031,15
9032,15
9033,15
9034,15
9035,15
9036,15
9037,15
9038,15
9040,15
9041,15
9042,15
9043,15
9044,15
9045,15
9046,15
9048,15
9049,15
9050,15
9051,15
9052,15
9055,15
9056,15
9057,15
9058,15
9059,15
9060,15
9062,15
9063,15
9064,15
9065,15
9066,15
9067,15
9068,15
9069,15
9070,15
9071,15
9073,15
9074,15
9075,15
9076,15
9077,15
9078,15
9079,15
9080,15
9081,15
9082,15
9084,15
9087,15
9088,15
9090,15
9091,15
9092,15
9094,15
9096,15
9097,15
9098,15
9099,15
9100,15
9101,15
9102,15
9103,15
9105,15
9106,15
9107,15
9108,15
9111,15
9112,15
9114,15
9115,15
9116,15
9117,15
9118,15
9119,15
9121,15
9123,15
9124,15
9125,15
9126,15
9127,15
9128,15
9129,15
9130,15
9131,15
9132,15
9133,15
9135,15
9136,15
9137,15
9138,15
9139,15
9140,15
9141,15
9142,15
9143,15
9144,15
9145,15
9146,15
9147,15
9148,15
9149,15
9150,15
9151,15
9152,15
9153,15
9154,15
9155,15
9156,15
9157,15
9158,15
9159,15
9160,15
9163,15
9164,15
9165,15
9166,15
9167,15
9168,15
9171,15
9172,15
9173,15
9174,15
9175,15
9176,15
9177,15
9178,15
9179,15
9180,15
9181,15
9182,15
9184,15
9185,15
9186,15
9187,15
9188,15
9189,15
9190,15
9191,15
9192,15
9195,15
9196,15
9197,15
9198,15
9201,15
9202,15
9203,15
9204,15
9205,15
9206,15
9207,15
9208,15
9209,15
9211,15
9212,15
9213,15
9214,15
9215,15
9216,15
9217,15
9218,15
9219,15
9220,15
9222,15
9223,15
9224,15
9225,15
9226,15
9227,15
9228,15
9229,15
9231,15
9232,15
9233,15
9235,15
9236,15
9238,15
9239,15
9240,15
9241,15
9242,15
9243,15
9244,15
9245,15
9246,15
9247,15
9251,15
9252,15
9253,15
9256,15
9257,15
9258,15
9259,15
9260,15
9261,15
9262,15
9263,15
9264,15
9265,15
9266,15
9267,15
9268,15
9269,15
9270,15
9271,15
9272,15
9273,15
9274,15
9275,15
9276,15
9277,15
9281,15
9282,15
9283,15
9285,15
9287,15
9289,15
9290,15
9291,15
9292,15
9293,15
9294,15
9295,15
9296,15
9297,15
9298,15
9299,15
9300,15
9301,15
9302,15
9303,15
9305,15
9306,15
9308,15
9309,15
9310,15
9312,15
9313,15
9314,15
9315,15
9317,15
9318,15
9319,15
9321,15
9322,15
9323,15
9324,15
9325,15
9326,15
9327,15
9329,15
9330,15
9331,15
9332,15
9333,15
9334,15
9335,15
9338,15
9339,15
9340,15
9341,15
9342,15
9343,15
9344,15
9345,15
9346,15
9347,15
9348,15
9349,15
9350,15
9353,15
9354,15
9355,15
9356,15
9357,15
9358,15
9359,15
9360,15
9361,15
9363,15
9364,15
9366,15
9367,15
9369,15
9371,15
9372,15
9373,15
9374,15
9375,15
9376,15
9378,15
9379,15
9380,15
9381,15
9382,15
9383,15
9386,15
9387,15
9388,15
9389,15
9391,15
9392,15
9393,15
9394,15
9395,15
9396,15
9397,15
9399,15
9400,15
9401,15
9402,15
9403,15
9404,15
9405,15
9406,15
9407,15
9408,15
9409,15
9410,15
9411,15
9412,15
9413,15
9414,15
9415,15
9416,15
9418,15
9419,15
9420,15
9421,15
9422,15
9423,15
9424,15
9425,15
9426,15
9427,15
9428,15
9429,15
9430,15
9431,15
9432,15
9434,15
9435,15
9436,15
9439,15
9440,15
9441,15
9442,15
9443,15
9444,15
9445,15
9446,15
9447,15
9448,15
9449,15
9453,15
9454,15
9455,15
9457,15
9458,15
9459,15
9460,15
9461,15
9463,15
9464,15
9466,15
9467,15
9468,15
9469,15
9471,15
9472,15
9473,15
9474,15
9476,15
9477,15
9478,15
9480,15
9481,15
9482,15
9485,15
9486,15
9487,15
9488,15
9489,15
9490,15
9491,15
9492,15
9494,15
9495,15
9496,15
9497,15
9498,15
9499,15
9500,15
9501,15
9502,15
9504,15
9507,15
9508,15
9509,15
9510,15
9511,15
9513,15
9514,15
9516,15
9517,15
9518,15
9519,15
9520,15
9521,15
9522,15
9523,15
9524,15
9525,15
9526,15
9527,15
9529,15
9530,15
9531,15
9532,15
9534,15
9535,15
9537,15
9538,15
9539,15
9540,15
9541,15
9542,15
9543,15
9544,15
9545,15
9546,15
9547,15
9548,15
9550,15
9551,15
9554,15
9556,15
9558,15
9559,15
9560,15
9561,15
9562,15
9563,15
9564,15
9565,15
9566,15
9567,15
9568,15
9569,15
9570,15
9571,15
9573,15
9574,15
9575,15
9576,15
9578,15
9579,15
9580,15
9581,15
9583,15
9584,15
9585,15
9587,15
9588,15
9589,15
9590,15
9591,15
9592,15
9593,15
9594,15
9595,15
9596,15
9597,15
9599,15
9600,15
9601,15
9602,15
9603,15
9605,15
9606,15
9607,15
9609,15
9611,15
9613,15
9614,15
9618,15
9620,15
9622,15
9623,15
9624,15
9625,15
9626,15
9627,15
9629,15
9630,15
9631,15
9633,15
9634,15
9635,15
9636,15
9638,15
9639,15
9640,15
9641,15
9642,15
9644,15
9645,15
9647,15
9648,15
9649,15
9650,15
9652,15
9653,15
9655,15
9657,15
9658,15
9660,15
9661,15
9662,15
9664,15
9665,15
9666,15
9667,15
9668,15
9669,15
9670,15
9671,15
9672,15
9673,15
9674,15
9675,15
9676,15
9677,15
9678,15
9679,15
9680,15
9681,15
9682,15
9683,15
9684,15
9685,15
9686,15
9687,15
9688,15
9689,15
9691,15
9692,15
9694,15
9695,15
9697,15
9698,15
9699,15
9700,15
9702,15
9703,15
9704,15
9705,15
9707,15
9708,15
9709,15
9710,15
9711,15
9712,15
9714,15
9716,15
9717,15
9719,15
9720,15
9721,15
9722,15
9723,15
9724,15
9725,15
9726,15
9727,15
9728,15
9729,15
9730,15
9731,15
9732,15
9733,15
9734,15
9735,15
9738,15
9739,15
9740,15
9741,15
9742,15
9744,15
9745,15
9747,15
9748,15
9749,15
9750,15
9751,15
9752,15
9753,15
9754,15
9755,15
9756,15
9757,15
9759,15
9760,15
9761,15
9762,15
9763,15
9765,15
9766,15
9767,15
9768,15
9770,15
9772,15
9773,15
9775,15
9776,15
9777,15
9778,15
9779,15
9781,15
9782,15
9783,15
9785,15
9786,15
9788,15
9789,15
9790,15
9792,15
9793,15
9794,15
9795,15
9796,15
9797,15
9799,15
9800,15
9802,15
9804,15
9805,15
9806,15
9807,15
9808,15
9809,15
9810,15
9811,15
9812,15
9814,15
9816,15
9817,15
9819,15
9820,15
9821,15
9822,15
9823,15
9824,15
9826,15
9828,15
9830,15
9831,15
9832,15
9834,15
9835,15
9836,15
9837,15
9838,15
9839,15
9840,15
9841,15
9842,15
9843,15
9844,15
9845,15
9846,15
9848,15
9849,15
9850,15
9852,15
9853,15
9854,15
9855,15
9858,15
9859,15
9861,15
9862,15
9863,15
9864,15
9865,15
9868,15
9869,15
9870,15
9871,15
9872,15
9873,15
9874,15
9875,15
9876,15
9877,15
9878,15
9879,15
9880,15
9881,15
9882,15
9884,15
9885,15
9886,15
9887,15
9888,15
9889,15
9890,15
9891,15
9892,15
9894,15
9895,15
9896,15
9897,15
9898,15
9900,15
9901,15
9902,15
9903,15
9904,15
9905,15
9906,15
9907,15
9908,15
9909,15
9910,15
9911,15
9913,15
9914,15
9915,15
9916,15
9917,15
9918,15
9919,15
9920,15
9921,15
9922,15
9924,15
9925,15
9927,15
9928,15
9929,15
9930,15
9931,15
9933,15
9934,15
9935,15
9937,15
9939,15
9940,15
9941,15
9942,15
9943,15
9944,15
9945,15
9946,15
9947,15
9948,15
9949,15
9950,15
9951,15
9952,15
9953,15
9954,15
9955,15
9957,15
9958,15
9960,15
9961,15
9962,15
9963,15
9964,15
9967,15
9968,15
9970,15
9971,15
9972,15
9974,15
9975,15
9976,15
9977,15
9978,15
9979,15
9983,15
9984,15
9985,15
9986,15
9987,15
9988,15
9989,15
9990,15
9991,15
9993,15
9994,15
9995,15
9997,15
9998,15
9999,15
10001,15
10002,15
10003,15
10005,15
10007,15
10008,15
10009,15
10010,15
10011,15
10012,15
10013,15
10014,15
10015,15
10016,15
10017,15
10018,15
10019,15
10020,15
10021,15
10023,15
10024,15
10025,15
10026,15
10027,15
10028,15
10029,15
10030,15
10031,15
10033,15
10035,15
10036,15
10038,15
10039,15
10040,15
10041,15
10043,15
10044,15
10045,15
10046,15
10047,15
10051,15
10052,15
10053,15
10054,15
10055,15
10056,15
10057,15
10058,15
10059,15
10061,15
10063,15
10064,15
10065,15
10068,15
10069,15
10070,15
10072,15
10073,15
10074,15
10075,15
10076,15
10077,15
10078,15
10079,15
10080,15
10082,15
10083,15
10084,15
10085,15
10086,15
10087,15
10088,15
10091,15
10092,15
10093,15
10094,15
10095,15
10096,15
10097,15
10098,15
10099,15
10100,15
10102,15
10103,15
10104,15
10105,15
10106,15
10107,15
10108,15
10109,15
10111,15
10112,15
10113,15
10114,15
10115,15
10116,15
10117,15
10118,15
10119,15
10120,15
10122,15
10123,15
10124,15
10125,15
10126,15
10127,15
10129,15
10130,15
10131,15
10132,15
10134,15
10135,15
10136,15
10137,15
10138,15
10140,15
10141,15
10142,15
10143,15
10144,15
10146,15
10147,15
10148,15
10149,15
10150,15
10151,15
10152,15
10154,15
10155,15
10157,15
10158,15
10159,15
10160,15
10162,15
10163,15
10165,15
10166,15
10167,15
10168,15
10169,15
10170,15
10171,15
10172,15
10173,15
10174,15
10176,15
10178,15
10179,15
10180,15
10181,15
10182,15
10183,15
10184,15
10185,15
10186,15
10187,15
10189,15
10190,15
10191,15
10192,15
10193,15
10194,15
10195,15
10196,15
10197,15
10198,15
10199,15
10200,15
10201,15
10202,15
10203,15
10204,15
10205,15
10208,15
10209,15
10210,15
10211,15
10212,15
10213,15
10214,15
10215,15
10217,15
10218,15
10219,15
10220,15
10221,15
10222,15
10223,15
10224,15
10225,15
10227,15
10228,15
10230,15
10231,15
10232,15
10233,15
10234,15
10236,15
10237,15
10239,15
10240,15
10241,15
10242,15
10243,15
10245,15
10246,15
10247,15
10248,15
10249,15
10250,15
10251,15
10253,15
10254,15
10255,15
10256,15
10257,15
10260,15
10261,15
10263,15
10265,15
10266,15
10267,15
10268,15
10269,15
10271,15
10272,15
10273,15
10274,15
10278,15
10280,15
10281,15
10282,15
10283,15
10284,15
10285,15
10286,15
10287,15
10288,15
10289,15
10290,15
10291,15
10292,15
10293,15
10294,15
10295,15
10296,15
10297,15
10300,15
10301,15
10303,15
10304,15
10305,15
10306,15
10307,15
10308,15
10309,15
10310,15
10311,15
10312,15
10313,15
10314,15
10315,15
10316,15
10317,15
10318,15
10319,15
10320,15
10322,15
10323,15
10324,15
10325,15
10326,15
10327,15
10329,15
10331,15
10332,15
10333,15
10334,15
10335,15
10336,15
10337,15
10338,15
10339,15
10340,15
10341,15
10342,15
10343,15
10344,15
10345,15
10347,15
10351,15
10352,15
10353,15
10354,15
10355,15
10356,15
10357,15
10359,15
10360,15
10361,15
10362,15
10363,15
10364,15
10365,15
10366,15
10368,15
10369,15
10370,15
10371,15
10373,15
10374,15
10375,15
10376,15
10377,15
10378,15
10379,15
10380,15
10381,15
10382,15
10383,15
10384,15
10386,15
10387,15
10388,15
10390,15
10392,15
10393,15
10394,15
10395,15
10396,15
10397,15
10398,15
10399,15
10400,15
10401,15
10403,15
10405,15
10406,15
10407,15
10408,15
10409,15
10410,15
10411,15
10412,15
10413,15
10414,15
10415,15
10416,15
10417,15
10418,15
10420,15
10421,15
10422,15
10423,15
10424,15
10425,15
10426,15
10427,15
10428,15
10429,15
10430,15
10434,15
10435,15
10437,15
10438,15
10439,15
10440,15
10441,15
10442,15
10443,15
10444,15
10445,15
10446,15
10447,15
10449,15
10450,15
10451,15
10452,15
10453,15
10454,15
10455,15
10456,15
10457,15
10458,15
10459,15
10460,15
10461,15
10463,15
10464,15
10465,15
10466,15
10468,15
10469,15
10470,15
10471,15
10472,15
10473,15
10476,15
10478,15
10479,15
10480,15
10481,15
10482,15
10483,15
10484,15
10485,15
10486,15
10487,15
10490,15
10491,15
10493,15
10494,15
10495,15
10496,15
10499,15
10500,15
10501,15
10503,15
10504,15
10505,15
10506,15
10507,15
10508,15
10509,15
10510,15
10511,15
10512,15
10514,15
10515,15
10516,15
10517,15
10518,15
10519,15
10520,15
10521,15
10523,15
10524,15
10526,15
10528,15
10529,15
10530,15
10531,15
10532,15
10533,15
10535,15
10536,15
10537,15
10538,15
10539,15
10540,15
10541,15
10542,15
10543,15
10545,15
10546,15
10547,15
10548,15
10549,15
10550,15
10551,15
10552,15
10553,15
10554,15
10555,15
10556,15
10557,15
10558,15
10559,15
10560,15
10561,15
10563,15
10564,15
10565,15
10566,15
10567,15
10569,15
10570,15
10571,15
10572,15
10573,15
10574,15
10575,15
10576,15
10577,15
10578,15
10579,15
10580,15
10581,15
10582,15
10583,15
10584,15
10585,15
10586,15
10587,15
10588,15
10589,15
10590,15
10591,15
10592,15
10593,15
10594,15
10595,15
10596,15
10597,15
10598,15
10600,15
10601,15
10602,15
10603,15
10604,15
10605,15
10606,15
10607,15
10608,15
10609,15
10610,15
10615,15
10616,15
10618,15
10619,15
10620,15
10621,15
10623,15
10625,15
10626,15
10627,15
10628,15
10630,15
10631,15
10632,15
10634,15
10635,15
10636,15
10638,15
10639,15
10640,15
10641,15
10642,15
10643,15
10645,15
10646,15
10647,15
10648,15
10649,15
10651,15
10652,15
10653,15
10654,15
10655,15
10656,15
10658,15
10659,15
10660,15
10662,15
10663,15
10664,15
10665,15
10666,15
10667,15
10668,15
10669,15
10670,15
10671,15
10674,15
10675,15
10677,15
10679,15
10680,15
10681,15
10682,15
10683,15
10686,15
10687,15
10688,15
10690,15
10691,15
10692,15
10693,15
10695,15
10696,15
10697,15
10698,15
10700,15
10701,15
10702,15
10703,15
10704,15
10705,15
10706,15
10707,15
10711,15
10712,15
10713,15
10714,15
10715,15
10716,15
10717,15
10718,15
10719,15
10720,15
10722,15
10723,15
10725,15
10726,15
10727,15
10729,15
10730,15
10732,15
10733,15
10734,15
10736,15
10737,15
10738,15
10739,15
10740,15
10741,15
10742,15
10743,15
10744,15
10745,15
10747,15
10748,15
10749,15
10750,15
10751,15
10752,15
10753,15
10754,15
10755,15
10756,15
10758,15
10759,15
10760,15
10761,15
10762,15
10763,15
10764,15
10765,15
10766,15
10767,15
10768,15
10769,15
10770,15
10771,15
10772,15
10775,15
10776,15
10777,15
10778,15
10779,15
10780,15
10781,15
10782,15
10783,15
10784,15
10785,15
10786,15
10787,15
10788,15
10791,15
10792,15
10793,15
10794,15
10795,15
10796,15
10797,15
10799,15
10800,15
10801,15
10802,15
10803,15
10804,15
10805,15
10806,15
10808,15
10810,15
10811,15
10812,15
10813,15
10815,15
10816,15
10817,15
10818,15
10819,15
10820,15
10821,15
10822,15
10823,15
10824,15
10825,15
10826,15
10827,15
10829,15
10830,15
10831,15
10832,15
10833,15
10834,15
10835,15
10836,15
10837,15
10838,15
10840,15
10841,15
10843,15
10844,15
10845,15
10846,15
10847,15
10849,15
10850,15
10852,15
10853,15
10854,15
10855,15
10856,15
10857,15
10858,15
10860,15
10861,15
10862,15
10863,15
10866,15
10867,15
10868,15
10869,15
10871,15
10872,15
10873,15
10874,15
10875,15
10876,15
10877,15
10878,15
10879,15
10880,15
10881,15
10882,15
10883,15
10884,15
10885,15
10886,15
