ID,Price
2447138,325.0898592990656
28907,134.23375153996912
10313703,414.619245766355
4267133,75.49566602813236
14749302,195.2599278939576
4856222,154.3732753282003
6290244,49.076004492008636
2371794,125.27594100235207
17572414,252.25406464425757
15939734,87.34086007820214
15183996,95.19059472477537
751818,68.95356464809636
11356342,109.748384636393
7798327,68.21260349609838
6169412,41.05417623323654
53137,117.18287986626997
11190303,69.25304013129863
10831241,215.99584526604477
14399991,112.64246648227451
7194972,131.00921167606518
4235843,45.30017287421393
11959165,66.63538778146273
15430782,98.9581417744313
12950694,117.81805438774909
2101200,168.3737555354274
15374796,70.8164742820533
4523435,109.58414004255542
9629551,73.54816525628841
13166877,94.50826416409112
5805319,138.13625253579553
5110541,105.13521844922015
7611972,71.50098877412411
2821294,48.01157001827862
7679691,70.38457126030701
5590718,57.94995702744551
6236044,177.56816668855842
320489,174.86216282009065
10731680,299.011456774144
16662650,214.3206025491763
9826062,151.64990426259263
7601870,164.52600846292916
8482952,171.63038471925108
2185668,67.42316384506746
6029987,90.8481220805675
3094833,159.1139065511004
1399448,132.89326926853732
169002,44.521231032929606
213330,88.4175245733018
12345786,69.17161730565878
9900224,102.20947165218823
16568422,153.56433493511452
9924235,111.31175816449738
18190586,70.30010895652526
15671751,60.74969942425623
15417373,67.80184443090282
6188014,143.62332781267816
8485671,110.97947783083278
14139651,115.03910036298163
7108992,188.02692306613866
8250925,75.40548418838112
16480673,167.3833696362001
13095509,179.84536129916842
13743929,206.34101853325777
4764646,136.01909431741572
6196860,72.47267668809289
1955844,155.41831347946996
11689494,153.1584482564828
8992894,444.0936699777997
17423307,72.78842265016883
16217806,77.04225825451026
8257999,109.33616257546812
11372330,115.80994416184595
4743216,134.5300327646683
4860430,62.41777363857577
14842361,91.06714173862152
7319791,85.96979966058736
3972210,140.01913626440952
13000020,114.31412705955461
2030001,316.4435475739681
15390748,128.07439848932015
4909438,136.20184645627214
8292129,231.2216947568048
12462634,145.04071219970362
17771131,284.693480079006
6972046,84.11022325099351
5103949,370.7491575551135
14737992,41.733659214927386
9822823,213.43081808856027
9550807,46.29018048906422
3057844,51.37792236164557
12305876,103.97244372562096
11791904,96.53524138479573
11801151,107.9333358545453
5326414,371.1291484971305
4624652,70.50921119793739
2372629,56.690983320866344
11123996,138.2015890471242
7496455,127.40379220989918
8399637,296.50086796127437
15815905,133.40547569141296
2182899,115.97110661990696
16331412,48.55543703217
12867883,328.8618539985116
3358937,269.19976159020086
9196297,74.20327908353336
14371241,57.75492008827579
18180908,70.42475588378403
9867391,117.54349090286868
17269704,145.60426774292722
3463475,177.39421589428522
14965307,61.08308291381579
16107664,123.34377722691181
4580643,216.58651415016337
4260964,96.06801847231078
7018619,57.87844158815733
5639029,105.56280480965604
12385036,79.95955204255863
11638050,260.53722178015926
14537384,157.36172985895246
6784669,121.15543145620576
10886453,60.610395935460495
2791688,242.1337986627545
4812531,152.4018699779091
13562613,122.02093855795859
1163969,135.23061356640596
7726982,36.92675593486711
2413607,83.72573301165305
8501038,178.28481349118476
7731348,122.69995449267817
644869,62.46923258967896
4475662,162.9408677410464
7141549,92.0112783618628
14690331,179.75666010246448
1742654,155.25346269508358
3624380,69.76738544711402
14219489,124.6910266366619
786955,132.91904099246253
4003436,61.33963277608761
9609140,84.13794293641143
4194010,71.19893667294274
1081932,192.96582735331847
6209147,94.0675066927517
8563025,71.27991793779617
8311318,59.25193218174787
10903239,167.51090776342778
9844567,93.54114368856712
934002,87.37030251610629
14747936,121.00750613842173
15491953,169.30793268132706
12451425,132.41324901116153
10692885,137.18771073001685
15532958,172.27028588868527
4517673,124.06322365045465
10205650,109.16520067618004
16048836,132.95123805447614
64361,115.15444409241779
13797545,74.15852362024742
813470,110.51910797096615
6233785,149.94709428129246
8016420,66.28371911483796
295366,44.6880672348162
1637178,119.76901517337474
1704798,71.99215627618865
9979707,73.37133695174106
921441,48.5223990275474
12467337,146.18297909838404
3293528,48.20242773301028
4507733,592.1374139995341
851772,124.03464543605496
5758695,104.06916390014489
14818827,93.34508762328888
15805484,175.49836064308334
15769652,287.96059333811
15984213,77.65401787616145
13166495,159.842230890438
8334574,101.09007937336655
14712539,52.840971625656245
12247826,181.44396505012267
16096079,151.54591159278775
11911783,112.49203993171203
17304795,69.68618033194876
6026546,110.2451151460647
7615147,72.11361375535793
14933627,96.28888927058354
7275881,100.63755287015623
14851292,78.27214144527174
846854,264.3561923617019
15470578,157.66376167751332
11561251,122.86518143041648
13309188,112.5307382397175
148825,150.72076094191218
15178929,94.21884515822552
15917264,66.34145629166288
3350515,132.45012437870037
2244103,198.5230924126529
18134537,137.42907205282748
8206870,67.96626487753208
11814079,82.17629866437947
8167266,201.02681677167317
174563,148.59179742504074
7346434,65.47121507061267
13939419,69.8316896788803
1036734,119.50668510474188
9429015,152.84482932766818
13675798,106.83998418646748
6966329,67.57249539092683
15713652,69.20814099032184
14944869,111.92873943999905
943814,195.1669564342517
7691790,85.4492881377499
16285014,145.50819947558514
14472385,160.21688609427815
15630557,36.95578532154779
768797,188.95404254124966
5605209,66.11056297855967
15644337,134.2572013101343
11799747,161.2659922646253
6436292,122.9288288882991
15043585,85.99437540727067
204598,157.46293676385937
15084368,140.56614972553695
17889795,82.66040519939672
11163615,104.46220974878987
3826425,260.86615702987996
2473861,171.0687257216855
15223519,74.96887182108591
3103596,54.813298371746356
18122800,62.32527875921947
14182884,70.69417119552864
3343671,281.25499023226513
10967698,72.99570693111075
4576244,70.09428785990882
4565962,52.839172064920696
15360319,117.3502440007173
10008615,123.31620555660511
14438244,121.60645241923639
6973705,137.41803849273663
5184986,111.30133330519931
3496384,61.37561718616071
12914669,60.822983321459574
17767077,129.38482019380788
17826986,166.15622896232725
17788079,71.71563520468433
1551816,207.2321030391663
16179737,98.79773620025064
386744,68.81231903756536
17368006,60.21098974026885
8237244,132.53795426483256
16917171,134.18245826605306
11658950,101.91267592098245
13125371,156.48182617427267
12114201,60.92010716970353
14351490,282.4759526202641
4997688,183.70141039170028
15132812,120.65651227301053
8754560,76.99073695080463
12088888,259.14406213159174
15984242,47.89518536910873
14627817,72.11777017464206
6743935,144.3716691563127
15983702,333.56289370660073
9348579,155.16909502936943
9249597,134.11034936123718
11207101,45.997261466338465
3841048,170.6385174245479
16300123,284.89013240766326
13216565,123.1815447916012
1717916,184.51500593379242
16416002,131.72347697341377
7806246,52.09259516544145
2858010,66.72719722722046
6692573,82.41597558976555
6692786,53.10437515483904
14008653,50.29597829912628
13843286,175.71495898756424
13393930,136.3793850813396
14010252,143.579588394566
772538,112.7750654554375
16215053,144.10566220633052
16228921,91.35201010022742
9218051,64.14087651692596
3774509,49.67951681423719
2619319,81.29320177506484
15817415,139.70704760469914
4152752,89.20487204044935
13411560,160.6957703226438
4428140,127.28166102497181
13208952,74.3833373864044
16725615,69.70846255223957
13245420,68.15353137460913
13041347,95.49255526618475
13552,131.861098351341
4090748,130.20555043179854
12562649,197.38880658624066
12245694,34.71603693465929
12885478,93.04719742367757
6146409,74.31292287703788
2778250,48.27760596069356
15484380,54.073056812947385
13926814,253.2069943160474
815465,109.1255981796687
6717390,116.75661837553353
13031939,360.8566296838263
15842028,131.32616483626322
12512585,108.79746702296421
10148201,65.58897728185855
13622049,126.24719181602912
7749818,54.45082390406789
13016082,74.34907787946445
9563436,156.3502866288819
13037692,210.83317291643377
3870294,130.03566398099008
5707546,79.09930580598181
9778049,121.86711715795897
14788422,167.1226106115173
6128576,84.63817704303914
1906604,357.5069277367172
12811459,599.1432248654714
5298299,105.38814219394095
9906178,149.63588740568557
4677056,164.33223797573734
13318239,88.23550910462761
3120957,68.32472299014167
8973549,92.25397919265608
13670094,97.50172050483832
13434030,78.01869759176404
12954177,205.3942961605253
12827518,125.69311658193166
13810048,49.52454498103783
16534963,110.5081617252398
16054869,146.74717191096192
16965097,220.4781111146448
8438775,92.17335740890785
4649331,74.17934383882714
15901092,205.657671732563
9577723,150.6472713045261
10039883,97.93514936856707
16708013,553.0273351865242
3710162,96.3332102474038
11866163,102.07659678823678
13996328,214.26124499097676
1781052,189.88595188966562
101633,69.88467919573777
4840794,158.6055473751137
13464927,123.17870351625182
9953924,127.65627922101409
10039975,95.37732498238474
8628309,186.42977298157743
9726888,126.2795634848759
17109155,257.5990445737955
13545733,48.071295723276435
9063139,83.13412120951043
2276603,177.0671297533375
7664343,169.95550096618732
2303955,68.44445088785614
9574282,119.27319687583748
16425551,68.60290689356913
2418060,50.38373766193649
6445371,82.53968956994876
18089016,90.3944851384182
16188947,127.43606426548762
1583335,215.73495092463466
3850839,161.22545104998503
10452249,342.83254268642116
3987858,47.007379868527224
9425220,44.37107386971105
682155,58.721674376645495
13235951,53.698993501366104
18208335,275.99158170725684
99070,43.71805030881196
16311233,338.72694816169894
17841833,50.613020854579
9612732,60.60183030571822
6932898,80.09648123627105
15568740,78.88788327257004
13006777,68.8487838991213
6684355,121.80922286834279
9396442,100.32114788189101
393479,194.45090039979823
7781847,302.502899945862
1975069,83.51776385087167
9898485,59.31382800068901
15206836,221.22043428631687
18120374,73.07511478221494
14925282,92.40866474880026
4667148,164.56970590909307
140195,66.91030152637036
15729325,72.77612117286431
4502545,198.42259253912576
6545572,88.31391736212146
10415505,61.225059271148176
13315940,95.1183852433575
8553166,117.56207364816828
13767230,43.36476480503212
10879246,131.0475423832239
16036332,86.94893386979766
7899569,61.646966702621974
10249886,87.28198239123283
11983165,72.49004657006377
6590570,116.65637530234838
17515321,62.46918557294802
13314442,56.57306364415231
8281967,119.00425812770085
11511431,129.94660760772527
7032396,148.97110619208252
13670455,194.1898921862361
7731215,124.8024271788174
16781516,85.02385944055179
1696381,58.11935978553117
10613267,261.33700454830847
7676145,114.7215355813792
8969269,96.08088274572577
9048374,104.39651943301946
17991647,95.34254654940855
16986251,421.5506387531463
6210393,418.0491780158469
10153654,86.43350663117256
15174230,58.8787522108955
9563868,273.91567932815553
607525,174.71336158060188
16872793,44.853873332631096
6674363,76.58547757689735
197155,156.70317499879394
17818877,78.7861022596569
10170115,97.12398650717871
16183683,149.8027305984957
14687244,148.36373883657382
13389829,53.827161492405985
6450230,152.03879936772094
15092133,64.4764462414456
12758216,103.48615196847321
7598279,69.50454420832038
8013947,138.76469881624456
16310817,75.97105441611282
13283578,72.52525226481922
9614378,159.88750480561228
15124924,163.2856245794071
16813292,76.2666922348202
13148991,121.97344644999642
8568841,180.9726020603372
3548133,131.74949011963207
13541941,103.89175758353745
13466663,73.67670820592431
6101104,113.64308799605863
9832827,104.8960332181514
8008601,69.16113804932698
15139530,73.29010389021084
3209980,70.85711634818821
9573507,139.65267449682813
15048288,90.84864377622588
13217609,62.11417298803074
6990,57.01985857211327
11529770,65.52572195088828
16589844,341.5812570612627
3339205,137.76908245222765
18254657,47.74366956663145
15363266,97.41197959003416
6554879,71.82267823333214
7806682,52.307416846224285
17331035,100.20015448874416
15611196,126.05415736508876
7740527,57.22028006626813
2102571,121.14266058997505
1148978,47.421161887544365
17496222,70.71484248355627
10135523,53.842383397412895
74821,144.03645558235235
3550298,59.704155714220896
39267,106.96718097384965
9393127,148.7433610731208
4257078,74.9023257904509
4348907,60.584573796179455
1334633,146.1348404914734
11924694,184.02251198588363
9792836,113.88200904718956
4509664,220.4013758246473
15582736,61.4450972655865
15234771,128.9019705940037
4854417,198.36817264204325
13026702,111.77456898562774
16649487,41.89455365653022
9678488,146.64926764891658
6774866,47.42185811716784
14206639,51.55106949469001
2636534,61.24109289410701
8191699,102.21569926014438
1147814,259.15832605036434
16166003,138.68822421325737
173742,399.3164834626014
14235245,101.26598238813493
17602108,151.25254988234087
11583678,108.84800738732979
9461803,109.7912407454323
13248672,54.12506068645641
8740241,90.68077321621809
10101765,64.85653539100696
7183120,155.76633891127503
4574225,50.98305221965413
11293039,158.60901692027136
3016563,142.98082372737994
9563266,197.11238075791866
627432,115.50629746466682
2835711,173.35783592957722
15345,70.84885294184541
5593225,309.953759247743
2136200,136.43557558812012
4767942,174.08109764694944
811129,59.850920598972806
10317919,159.59657468228227
14809631,78.19742785816108
9332926,56.30082862905283
18227645,72.10502778004216
2897471,64.07255440260607
16121136,100.94261253164862
778903,173.31206279340321
13016335,186.38155007198398
236949,174.1546957910383
723560,142.219937304095
9936109,152.38975133260232
7611764,54.59348934183854
4023422,63.95659752826978
14403222,151.70582022919558
6942211,145.57070140041668
8613361,158.8515644975189
3534443,121.34277933239098
13926341,139.54892125097413
13640966,117.0004791547764
15551245,66.83524218008333
17906774,134.92411708564953
16460817,93.13908577382539
3543227,59.59991199439997
2702351,90.18191662615516
6560746,53.32238507766647
1107325,137.3373020175388
9713626,178.41211413968355
13020187,228.92044290118002
15800461,104.93534713885994
44288,144.31910929628756
9291870,143.4969371254172
1908852,154.05468915253277
16529936,54.37916699355279
13376968,83.36262589716848
5991227,115.75409495738896
17120758,58.76724175605163
15956788,93.1662465405109
15957209,78.9840684240009
16711682,56.51022793805063
2740389,173.22907219815926
9646412,92.35672249971256
17633820,166.92055730542205
8673739,147.93816640936146
9411082,166.89436695956914
4916340,151.46565724068475
671633,104.78937230245967
309342,110.17040485691321
3334850,145.4893375421993
18222455,169.29414581952182
10297292,72.32877571978918
6678707,152.53913104301176
16603017,51.00447772689642
2935456,184.75817534543495
17894663,107.57730787067312
4833671,58.63167474558915
4900034,83.35930607104278
17434237,61.50108734708776
10104449,177.50434014584877
15463202,118.53669514462496
5271500,96.16857155171371
14759627,492.33302150809095
4983264,67.49481618244805
3049126,81.45703858634921
1668176,74.81500993334441
2488227,109.9570867181761
7652929,83.92024926170582
266964,158.14593875672608
13357693,137.25191942810372
7366051,54.91631306973685
5534747,112.61100480191513
16011630,49.51029440198625
4573302,93.68061382176944
16436513,223.9489300629072
13117094,105.7065010603958
14762427,98.0391257258485
3526122,191.08981542198026
10089333,240.0985840473459
13044634,86.0336406878993
741806,51.70464399385509
10100121,167.8645623530044
9715973,139.88419002406462
9695552,149.74059917295517
15552127,282.2625549369921
17329090,178.1237624183036
16722202,52.762332676237406
16404490,161.18082170039227
14590476,448.1443529334894
1932094,99.61537208142587
7630422,133.15397681376166
526923,239.5727456622969
11788559,360.2367914151703
11852071,57.86107241501704
6499447,149.92894418309683
7602426,173.3086363288093
7895928,186.19667514182703
1822436,113.57710903279288
16343195,80.58081777714024
2320028,64.2299711061872
2881692,121.29245932991792
6679063,69.99552309133517
15929625,66.33682693373771
16193891,135.0556800849693
8888595,131.10529472464123
5491803,91.21927568864042
14334031,57.13674447222271
1805138,143.22095621797249
4214733,123.84071827253233
14154373,66.98210957123213
15675261,176.2299116698047
3897761,54.65327866641198
489965,66.00234380646867
4016121,170.47308287063257
15100210,94.2955913723835
799836,143.51623018050296
9904730,99.35890963713265
12026305,54.46456345652749
13281582,43.46956338058756
13292993,164.33911996964122
1966735,65.50803968727402
9778372,51.29057522567402
8118692,128.60547357306726
14815997,131.4113281896499
5068972,162.23974289693197
12136386,154.35847014942306
18054022,89.05459769723531
16652950,65.48159668057443
3930878,116.57544833916614
6614663,91.56490652230187
9593354,120.68128948778305
2538248,86.43587542565953
1836863,127.7958240576848
9955722,58.291874788908245
6854242,47.1850750356325
4902967,64.41781745375317
17653597,68.02743900621873
9445225,84.89538846830153
6692213,108.5125622672838
15361660,366.79956227583796
16427691,41.00435001566505
8750374,74.5236561588997
11526590,164.905356427377
7148691,45.38802094904087
8782984,67.72784034207776
9910133,134.69393815367306
9153627,86.3194028178658
4936254,69.77505960837635
16064710,536.1776088121968
2793630,74.25701495331057
9904223,271.03919526628874
16016634,66.32064192641896
9887326,63.13565192152136
3998641,108.08334266360268
12155351,67.71256910625688
11585636,84.19984412118453
941625,80.83102138395135
13220125,152.230044551582
13879403,60.87947550672254
10009771,71.5634563424771
3984741,146.4042208221093
776765,141.54580410750708
261259,145.81017760600548
12367673,81.31555960958363
4091823,113.33440576636404
23481,105.61718089789268
3603134,135.42153272791487
5433287,186.3896885260157
6222491,83.56614368647928
4241486,145.2944705221461
17556874,89.82510072713166
15409913,485.56833722887256
17404164,117.01460562397249
2967375,76.79804493314624
11016158,116.072068695163
13829163,63.53753805748008
7033271,53.80005437331322
15701434,130.8576485835334
14712227,50.75227968611379
6493409,123.8716113512088
861325,213.83616775892463
13278590,104.79314524899335
8425148,114.83798842894313
13561873,163.57480609436234
4048043,92.34851962927529
14916849,61.91713944530239
15675274,119.23113243775842
1891017,151.96577472149585
5055704,57.823081319409994
274062,75.75135847850896
13895892,84.44751697812553
233638,58.600997634883534
533927,160.97978073866898
16881585,159.6070881592713
3455410,156.31575396702726
18032007,92.30124146365624
5329041,131.4806761338609
627505,158.2883888709156
7036862,167.79875507137314
9178165,82.04870096625267
7949889,71.00463659895065
16466322,180.88755019516955
17120680,338.73251242895884
27006,190.13165564082848
15751765,153.71920243066324
3386696,240.1593501329242
17152974,165.05323253277143
6502493,255.76580887721948
15911434,232.45065861034345
12070989,152.09452827238226
4777478,109.14094259063198
13045531,48.63418582000431
4220151,154.25692819103918
14672524,55.80112596417461
521038,111.67810541528043
3315933,158.88314138270437
16000178,92.2155471554602
16438673,73.73275702796006
4268286,69.45176902816958
7529908,51.06908105089414
12630411,51.05046816318605
7653072,93.80362535477975
13502609,57.776622009480086
16587707,164.29491137094618
6976282,76.60287466560912
15640345,134.80961997080195
7257303,193.47769778654128
16478274,65.5217227994744
6511760,40.781863761130715
3362649,176.32583533285984
18026629,71.05692038025369
15344308,59.081810342240594
11370047,49.7643703787894
17774731,81.64440798585277
17248324,206.21650908277957
2046007,66.5940722542836
4439708,87.6442589290259
12056684,70.84957673331827
1598785,123.75929208678821
16999872,145.68292038314203
9736227,298.7042601497485
352938,83.15207157608079
5893612,132.7267937745626
83811,235.09940375212935
15437413,149.79115179412793
2445856,64.8297655177815
17264335,86.48994534550059
537232,90.89269811635914
4855248,166.87871480521156
3292224,291.95087785100367
2397068,119.90706735750751
2022729,144.8026339359526
11117439,96.12191756672368
18009842,153.31525471189943
4611203,96.06644206529103
17951818,70.45066018483165
9976986,123.098279347021
4144823,138.83668341658628
13670185,100.31248954076705
15859108,147.46086139750793
14739657,76.11654781365523
9198833,52.1615833740692
4794322,136.46292291371822
281851,71.03838069103632
12315833,53.59153689397635
4796070,172.05722066073264
12664893,57.1432605750089
12082561,218.952013722037
13169085,52.431320996290026
12857265,93.07606463411662
944049,147.56031249916825
6573831,173.66676952960336
3686972,142.49648723374173
16000922,157.22729755206637
353298,127.59529508826968
6322937,85.42293782814018
8290724,169.51987646066945
11568637,111.80016174719306
13972668,40.2914694499711
16068854,346.9899901461097
2145599,91.94885147479332
4276762,346.3388190759517
17987139,69.69292100360882
13560331,110.82420046212951
14124666,53.288904927030764
13731019,99.08626553628886
7501794,93.7948618714409
17976515,192.93431813501257
4642539,232.76047696703324
13687101,67.20110062718729
7817446,87.37543694772864
5070077,56.67883026395392
6185530,142.28904190674933
772685,187.47403413586932
9711488,146.25447239088524
798128,116.49870665139167
2671926,91.51133160044115
2977232,68.51479394866311
7774422,114.29533030525734
6070550,51.501586182759894
12090518,127.81388409577953
292047,71.2297154544182
15558614,88.61663692037867
645075,90.83545229801331
5756476,135.1944858706916
6388721,189.58631573410517
14155064,152.47769322833145
753622,73.11738951969483
855412,98.97813562045734
4037426,48.50642494365704
13138133,40.0384463627016
16516930,313.7652016102531
5028264,114.17227720114009
1984254,106.86247993771245
7966943,166.3844933823064
13606449,75.61713723069047
4931807,83.37395986611514
10404638,145.38768664743327
13926166,54.83893138755109
12004547,135.6476284701824
8326337,188.67481163850383
4606204,180.73332357152825
4121173,138.2613844459421
11031060,71.13482283028293
3559515,259.23102265881687
10622536,153.9970635329082
11777462,404.42446749582064
14287,132.57573640565164
7613846,73.48619040525018
6414645,232.8160852099406
8615045,70.5434924789751
828553,128.88535460975316
4686821,70.24755347380051
919830,93.50284316359665
4271119,77.43031057546091
539350,157.7853328466432
3789685,57.7574133965052
15311733,161.02899021525775
13748851,116.01703988966642
15043427,52.497135878799064
4129195,277.0315880343834
9835350,204.8303966971673
1258651,195.74952128480953
14881794,54.84576770010704
8798516,129.33333802804108
16867024,234.74041270509747
15131184,141.42850038166299
15633727,115.97391022352771
3497198,77.33359605025755
12034085,71.69695788596367
651544,105.4144540038241
9760592,144.37483433633165
14594286,59.24347441232432
7480229,50.951809083846605
7344066,134.9761342396158
9492750,105.24662009680573
102995,166.25314867667197
4348161,75.10578820088497
13446124,73.96954500224687
8813854,147.84881925987605
631134,146.58657976671847
17131494,57.8438518843669
10837866,114.3153764738997
11438561,147.20103509870356
16276329,209.5493435874777
2000722,141.4248900919531
16333432,82.32544326387398
11650735,80.1661743669528
8206718,172.7199555347133
2570488,91.38211315462569
11415455,141.12432869791306
8487784,109.57655297653176
1637524,90.4323091163332
8459345,347.0763064953726
12865268,141.82287170199064
2018929,71.8446741020837
16074023,154.67537870930812
660036,72.1521653905486
315421,172.91782961179518
5561046,209.7866586489027
13618038,249.01752697316215
5650982,125.84469942229033
8581716,86.4428691275634
15981246,271.27201146596485
23501,47.86770575867717
17158946,249.89030878898865
17318814,92.90523664485913
17039919,59.8815693567587
15841588,82.4467288393493
13418942,51.70707811613216
2046789,232.13160352609162
15675520,203.53506861302648
12705303,154.44573387852358
13058740,164.25948507916416
1472166,73.83829927974844
16639117,90.13545823549835
8517234,146.35688303266286
11496607,103.49023608244492
9199020,37.08224742631107
5446610,74.6461981668995
1124329,128.55280774288863
8153005,156.6023834547721
16172498,60.43123223840309
7724865,141.52296904046165
9296457,232.43681284523848
1593444,157.47943451564092
13561752,300.7842708862026
6269945,63.62779818868001
13140220,144.61702755171143
9624825,157.46935447803483
11666400,131.05559036341248
4098302,180.41317332303817
9409391,136.6910595990387
3309761,63.667499879713695
4288483,76.95656747745258
16376198,53.58577944933121
4695337,70.44719431043718
2700596,65.53297737386298
7359313,91.89231751179832
14486861,88.52132433892703
10500406,68.6938277772711
12130620,53.31257496887134
15218579,291.1846214317932
4248788,120.90602011887754
7350310,59.77701476038829
17902970,108.60488234951559
16213408,137.8839704281789
8956039,91.98228474391553
5344281,124.88601720054076
5728806,123.79408237383078
690364,243.8911892172454
2145620,87.1505955279209
13941411,66.50339625909835
14305404,100.00240607769719
16015217,134.7492905681917
9431369,358.5011701553959
15806549,82.41833098359993
578267,72.35993664224071
12489476,104.22564431371441
16002937,94.51295381981
16789526,77.94007804011827
7023818,84.3243704377196
150804,269.0378744967439
4085104,133.87071235733424
9130275,150.6259318351062
1530561,175.19911813953752
4943458,67.49169835756705
13477359,65.04222985087253
6376790,131.7693823922794
14028494,72.07430841085542
12687912,232.69890969846608
6761084,97.28291698319133
14138632,375.36187621681046
17528511,116.58544718843821
13298179,54.83306713533606
14373756,57.684663817496784
6186628,115.89107876973829
4512045,127.42438279822323
9955725,231.8911636197961
13783491,124.76056888251081
18042412,74.45882196447225
739930,251.94996212180868
953807,44.34757007734637
2191612,156.96763930434622
16028615,48.9592614215099
3394044,50.09528851576561
9012455,168.17930670647914
7302362,73.46439701895697
13771435,135.31192901993643
13186796,75.81522090176287
5499562,120.65725291456127
328040,276.30768613499157
763881,73.2968696534284
647598,115.00065728151752
9316872,78.19822242857975
10527486,143.0367675719276
15519532,105.68861271390792
8207764,83.76668466322108
7676659,52.92702903543701
13863999,77.56165588332284
16345464,84.51071256997807
15563416,116.52524028804179
12972040,78.47185157707278
11961592,272.2662427270067
14220223,153.8499839835695
9073987,163.7016011933528
7094262,159.82251610847817
778390,64.09592117330693
15098387,172.39662995503406
3244595,41.98771435942859
9793465,98.63614261275265
10165064,127.28302637586056
559336,148.01163362177442
15970276,170.6274288040361
18013489,72.19957843113345
2493176,112.09422757061037
10022348,121.05590994332911
3696746,165.70646857179102
5669995,67.93038532721349
9479084,125.56404109498887
2255340,181.9581153289732
15705322,161.6325798373571
10588692,131.31600291540286
3809394,127.89930593589459
170420,87.5655770738854
12587017,142.51669995675874
5308117,154.6212870505211
476983,53.59886932407156
10204479,191.4587132312892
13488121,71.83018675869091
5978777,439.4487312101186
7578665,185.66935897765055
10016353,67.84946660692414
4235201,67.32634996444817
14219316,130.79962192236036
15929281,70.6224636374451
1939106,126.05444909102725
5749569,167.10128309143929
11627123,39.63181187090489
15078615,182.34719335328853
7517614,115.47372224303501
9282691,64.53639519385224
13172753,191.28346579542713
18052725,208.26338761547035
16630410,143.5185331137854
6799517,151.91638696675
13281024,67.19134342277543
176653,76.9664896126235
54544,97.51199808395884
12240714,55.83621392365531
4764474,199.31448240101417
10773150,51.757135327936865
16202302,79.76503070873224
13346091,123.37661221032566
8427772,68.60658984543274
5233279,117.69261748144919
16320520,104.00892663204458
320700,89.7372603908937
3841113,72.83660237934669
6932921,83.05935499467687
6400482,88.51054060994984
5619149,212.48162674693046
7822344,205.9681058374273
16243923,78.5989054579711
13476104,72.4798015602273
11547246,75.49576591798731
2608217,90.82381080629641
18728,129.08664363020137
8043896,127.5194934456393
5178,69.99517976374338
2254388,117.67391152516385
7054824,192.2759041125373
9505686,218.74260357417515
8700510,136.49682698578866
1798511,149.32795522240508
4746171,162.4279901990185
7244824,47.939402170672736
8743269,89.00031022090809
13893861,75.08083393650618
9944018,161.6922848490665
1256556,69.69688548069162
8611817,52.89430481709954
14402223,82.23034673955551
8504873,88.5848959710076
166006,187.27133506844015
8281567,102.51871677275106
12652765,128.75369400315668
3978543,142.12415866556185
726630,161.6558506408445
14280899,128.66891101812783
7047076,100.92628868127231
3200713,69.54254754589113
564184,87.68005261406827
14043464,124.50738022583985
9278786,161.99684627075285
8889664,78.0335117364391
13334879,276.10542067536284
1455407,181.63195203399644
6236181,136.87823582826604
10035098,118.41949083744159
64283,50.69588441333729
14388924,175.07335526853709
8906840,55.465198588541256
450393,283.83050640611805
1143572,150.49899889637723
10460113,52.0122573270319
14406807,121.53194116726672
16207028,178.60366682809547
13465896,127.94971675229678
2194382,200.03987415486515
977870,100.27256682842354
6385364,69.66182825943648
918049,142.60349236819167
6959212,94.64348191922377
15344749,74.6938719283369
5729118,138.64556958145113
4476945,110.51764488840405
152980,57.263748945025064
9525897,162.15080266564624
3581153,218.72339393004182
17734779,55.04661834184506
18296166,75.08783648028785
435946,162.63978027803006
4988603,110.43131729307044
9348145,130.08034430017838
6077178,144.49944100257545
16052733,57.77837445879895
1093977,95.72920494408964
16667175,80.17318152424218
2701991,104.2655209917098
10482409,61.46165890861079
2274268,62.10617463931809
1336390,173.8497612633172
17149175,143.75009842972747
3602739,79.30557279358435
11641258,314.4517822670779
741783,255.01715285715795
18221864,131.80009141254615
12888131,103.04773828219416
3847733,48.5388587276424
6628193,100.55326189185907
17092797,212.62642912973408
16323065,122.81694525304977
12883073,187.78818411243324
5136833,68.23760879226968
1811446,100.71947903877071
17928460,73.15149469581351
16636318,81.66274707738879
4379313,199.60109833991714
17785709,71.67641903968862
6389473,190.39480652234855
1151388,200.29718899830303
2563967,221.58274664118898
801281,128.42618228146318
7728510,108.33134946795789
3273170,78.26389980045323
4471053,263.19758129338953
8426874,96.06901856550972
15176427,226.9058280901721
13926549,137.419988760497
188087,217.1611556725783
9311761,106.13597265041913
11176819,98.91982087712684
2471725,87.24029557412403
12246178,47.06707801535234
17774989,53.716733717541146
3571021,78.9282691887362
13788695,178.15794368426708
5144831,131.98390672570432
11911827,240.7418547420738
15772883,166.36232934945141
8691258,103.60579408795167
5075659,102.40327688584578
6452132,83.57734847234819
64551,128.9715589727106
9175292,58.83839707176056
13617449,109.96122817231547
7717785,79.48311193522584
9215400,114.6802662837931
17745707,170.9083969597253
3709294,95.3927587748278
9066389,191.88280851878736
3821364,161.80607548977437
15896274,244.0620707290148
7967942,233.7298418943434
3980511,85.49670310476193
11242039,109.68121313148315
322982,124.66982914089219
10013027,163.62178956647037
12884380,487.70744994996784
16079924,109.13980675460746
4694688,127.4707305390195
1279073,294.19683284679536
9758291,140.20519151659593
3873299,116.6397731827583
11216918,171.24143363340116
18181542,71.94876472279154
8680648,70.42522717020361
15583747,214.10466870312965
3343978,101.4262034087213
8085549,123.52890060687912
6638446,87.27623242938702
12736761,141.7739932515084
13696003,57.77293530367467
12755571,120.31173343607841
15782901,366.1146160068215
701474,133.60673916931933
15203342,83.14392489410238
14088100,65.47391618804212
861689,168.27449237267953
464116,130.67960516770046
7480729,86.61613607969029
9334228,111.18287885660435
4475800,49.51820845192038
5175054,200.06241080547397
10710046,52.06041097235739
5320325,48.806082364667326
56467,142.44273021158895
12544605,173.75289556754714
12365940,179.16438571234937
18123770,99.15572747721069
10340705,63.40129063378751
8760775,87.1236138234134
8555411,120.76188864824384
15037036,268.5249910375928
16976215,102.73945765051009
5691763,57.150104349010284
17667639,134.9021617948452
5550377,118.6187965857552
470090,129.77914576816968
17122439,83.45497218881067
14437093,134.78155641328289
4286662,151.48759997940834
11011759,207.91199984363539
4243458,93.87410046962852
14254221,187.6404899066411
11324173,250.4205666253104
980637,152.04229456951666
13082319,142.18354967160545
14109586,147.9454723766731
11567121,141.6607310623609
17093180,103.9205029620171
13788229,87.12493543199574
4469650,321.18474121154617
11582733,123.31312332160392
7782340,140.52060307461198
9478196,162.40332299170933
17456954,135.20114118663142
14452731,53.709259426520724
3993388,130.62180251042938
7198592,150.56136700820124
9024874,136.23627023831594
12855923,45.03935598033925
7341541,140.99804322551537
8353634,63.13459724677484
8770660,126.30903854582571
16176888,118.22786993216978
67208,108.85535563914428
9613532,102.77062497166456
10020717,294.87965596202173
13937701,76.51353357948119
3200198,188.01087022118656
3629381,132.70246949418956
13638628,101.0564577570458
8521188,211.64979758818922
14575013,99.91561340882089
8665047,163.99626452446054
11981784,117.24114134750282
14818234,189.12165807795864
13743061,167.64624828255768
4013339,90.89321379421806
11969336,63.57005978114889
11478813,350.3489786348296
4197904,143.29743718267204
16998102,62.24149632777797
1185644,209.1633981876065
14916950,219.59040906084525
6541532,73.32140125669036
15423281,119.65563481799543
3052227,140.09753882605932
4701425,80.64382975430647
462454,81.1187045635245
5926854,145.0330621272359
6391684,215.8325046584635
1164101,76.75029188049255
6848001,49.97566374228151
6357128,68.7594675888466
15114935,46.0061554335013
16188113,113.99650307218968
13125950,481.3530228199477
15983858,113.1914224145746
9115251,73.77551876199884
16275733,68.20261564379605
13914468,69.34818460267786
1533652,126.36533173179022
9776245,483.0277367017597
7798489,81.62617773067626
563442,149.49475542342816
14205217,66.72830352639855
8064530,69.12525355821273
4343011,85.01768697444616
13591611,106.68172538400235
10836805,59.259860161140594
7713421,184.14283796648195
2958412,260.45647718488306
6652353,168.3808466477302
2634963,167.34198877301105
12287838,328.1048334677683
13940243,89.2348001266376
8838861,116.60597300772045
9477214,114.34576486553016
1994574,97.9581267567213
15437430,130.58574750024465
8954035,69.20995284772567
981410,142.39083309704085
13192268,84.19027940338013
15261353,124.85516265840953
13129905,299.1752842541087
10550240,42.16390762920826
4256091,163.64218180292875
13389421,133.3077063605467
13186741,77.13239845541911
16994210,123.65530849672803
10512812,65.6252386331142
16086336,123.5342142608079
7749233,74.05656099166765
11611298,89.80148512082057
13884628,62.54250681453967
4659046,126.78608407390759
11700127,126.32440760234883
4163181,65.0058619119308
16962275,51.50317491094712
9616924,65.4743388958892
13709262,48.13957514614348
16395047,50.757355835972135
803778,493.24221664933987
436916,51.52044006753555
702578,60.99370786270917
3247291,76.84406097587602
806314,84.61163308007194
12988639,125.72305459476988
16253465,115.16837328140993
16530668,52.209449666305666
6277470,85.03455857614483
12976191,189.83365367786726
14834377,162.69369279648683
5279925,148.42274256792803
4757941,186.19360195806766
17608203,60.79118425734036
2407196,75.51640038991623
9273010,181.81472053638765
11185729,143.1002168635462
17077760,172.53342942969434
8860225,110.296147497262
14968525,139.8841297334779
13730290,279.775910805977
7852,167.69462601573494
18079608,418.9437574093594
2611649,169.96136618211725
18139049,137.56045160749434
450699,62.359693981613226
9234415,76.65403906583006
126067,104.21317085674654
7610785,137.1389288609742
9328578,142.35554834910877
17134357,74.66113616603413
1180473,163.98740005323785
7262279,159.73508235520944
16225437,63.27705386477705
13237190,63.94757782334292
12698471,91.15697376649406
15299349,42.809941176085395
14554093,163.03247311222503
16392936,49.34504706107531
5365770,84.66364875793049
594036,281.6125362804429
3198824,167.96520455867395
9214901,172.489588148942
9550423,113.97962102898953
8925731,289.1367974966081
13511196,157.14266594020694
13899190,113.17782596307566
3979360,133.22074448493433
4746363,178.9149642150104
9496206,87.49942955942727
2889781,111.64954033289693
530184,68.53553101633798
15507436,106.81341108128859
1654551,138.84239252273653
568933,84.68613387684069
14856656,121.41782664760235
12540167,135.5636277566854
4485442,67.85451251806255
9254533,111.79971877852026
7934867,75.32196039880557
7902291,78.54437814606865
7899881,111.84650841426564
10677426,157.7363091605123
18074556,171.9004314995226
2083749,105.80541023858811
10574818,40.25194030453872
17716319,80.40957151289253
11421477,145.62485744486378
18033544,75.90281385513289
14696542,58.22763980919985
13204919,61.35601726694937
5028112,120.05354054061294
9972046,123.44050852076154
18238216,101.16270973899853
16299079,76.20052567266019
5727093,62.42933237413529
13398697,57.364045511516906
2168268,43.63888593467636
16939403,148.44816712943216
169532,85.12180801150491
5607244,67.33611330928079
136923,276.9382505863792
1939857,48.40004268670619
7037585,53.44905350257985
4098642,339.25956263398547
11178582,70.27511144844152
16014133,131.69341692133506
405408,255.05869824067892
10384070,130.81494913689573
16846366,382.5575160806579
9457285,140.43791400407576
16227075,137.7092537030599
24686,72.82071453802624
14943439,70.0552652373785
23265,154.2879959174052
5192219,64.88249997443702
14387694,210.29276287958564
4394307,47.309226283197724
3874870,162.61967846533162
763932,75.38047525901565
14215681,46.70496708405576
13043208,133.11918357827332
8065272,157.35065273490522
1562474,83.04612592549957
16146930,84.61456150836216
9811997,147.43758661599287
11983777,134.99700463998445
2183423,129.37436841582578
4203606,77.13481981875107
4498367,141.1828573208017
5481237,50.461971025746536
5420456,143.6228134795962
16452640,78.74684738844817
1367775,51.639958691515496
16053606,77.0855130485847
14708057,76.79237001911812
5655462,101.01961984526372
14408309,80.2243601926524
16719319,72.15676980083626
8810937,312.02272012729173
9428684,139.67084758912
13605950,277.7450638037053
4095945,57.42453104276331
15360665,70.28619684082108
10092851,84.763757177583
16443043,95.6292786617323
6269027,84.03116758816657
15745411,63.99406140545081
13128841,52.666803700911146
1824808,170.06197792474381
14090957,82.87554815372532
16416985,145.4633505867817
11043540,114.90618649194192
4653519,125.34377031752999
746346,101.06715073493895
4273931,205.87487726859678
1335036,183.6734245947191
478385,168.4666643827094
15080264,38.635605738746214
14290760,95.05303676826868
14148988,116.87619437737443
179670,61.24011959227726
2290645,237.4844215801847
13674879,55.002121526138865
12368139,132.5062365941218
14039050,95.44756286874468
12561681,242.87894523668157
9464137,118.57949557446469
1838904,127.2466671873729
2467814,91.92529277949357
6512929,109.58785751476012
4558050,62.668123713667946
5049575,51.8258057904547
926020,140.2330434394894
3272628,53.54098092164941
7916802,88.0670476485744
14948249,122.94128034148788
17608486,70.88973331979847
6560257,164.03557276621305
13772304,59.87299809489358
677162,64.82510882152704
8720923,70.90583365966752
1211820,201.65985152902135
4164931,75.8629344658588
15545933,452.3910387721427
9540147,123.66244925711008
18161036,94.95668477103354
12449594,91.47651519638512
10249794,183.40893407038246
6233819,65.32509766428232
15112128,88.70371163963038
1033171,53.561098545557265
3344643,168.01354348148615
12232858,119.05512280737213
9794364,60.60106892354651
4330251,233.0178860063485
846655,90.34585912325534
17284246,81.94475591212601
2092611,104.71699421013149
9409367,300.5188512266111
152259,54.04409401237427
15718829,79.999605083978
2031051,137.0098946330017
3421589,152.63223573565767
3884893,66.11606185604522
15914712,74.43845465036375
4782243,108.3117271503965
281308,155.71158573119882
17714478,56.55392069471769
2417895,52.37204327401341
9201694,76.24810959139559
16465690,83.57893653142854
4074892,71.83768789731353
16441881,97.01631412619008
3945796,72.98217825241092
5929758,81.32605896044404
4775614,143.55863598375802
4822324,124.14841844875588
9543593,213.66623664999963
14870440,66.61520006292056
13748546,168.6229379649454
8014087,111.14936636371085
17152485,100.09641458125976
8417134,90.50415699340837
3401271,98.23483794245494
14291973,78.75325032801278
13893494,223.5917696699934
13724675,126.64700940997237
11301136,115.57298603889151
7696314,61.00787294693785
506629,79.87961412714135
708374,67.21382320610982
3844026,88.5033537067068
8459183,272.4629136123107
13155319,293.4444069525233
11916587,134.04160730664546
14472100,630.873557416792
16352457,160.7880437552549
13644095,50.49536741431316
8268849,119.19807764578998
6198188,179.93649832193324
2464679,76.74959453594315
139207,128.50023824838058
15039238,90.40334429709942
8139269,187.9932088479673
12358923,381.0684159485525
12850264,153.8043937387035
5406041,87.37682747230218
38638,140.82141977842232
12855469,124.95458226197174
16870983,46.554496059817005
17696647,117.81135088000671
4082635,139.76719178632072
9821024,159.82692033675417
6019488,48.940308795871445
888905,65.84285601940788
4232865,111.88918035856814
3920562,67.94393755243829
14035390,331.1311526396056
8690773,51.900414107827565
612936,73.9791596493479
8012976,79.16049645709447
14729742,191.35083380473478
966104,70.44348085420995
2922453,121.38204596548383
4557370,59.525314099311494
15909448,75.87884249637285
2671737,50.6154791905594
14648556,49.05318670934471
17911005,166.25268305015172
10843988,182.54749324703636
13413622,244.58937990139637
13262082,94.99979149078548
1732322,150.12779455388772
3780951,49.730452976598094
9420768,49.78239398113327
1365597,110.54056448002754
6478214,140.46451247918978
7035513,93.5639170968284
9411467,204.3004328859624
3463385,73.68354597457667
2658325,81.61614457987517
3442067,108.23443920497799
5279778,137.58781476699122
6364150,159.28041589520362
11045529,173.4438884296646
13059666,370.99104578221414
11873676,142.39513126078978
9136175,146.3449791710941
12342297,89.48408461990523
1639762,92.92109415309818
16396543,263.74875982797477
15566451,168.45889813198767
14447134,94.75769684983759
6933326,44.01011627157291
16135347,67.13753722864534
12814717,45.092745953711706
14726498,44.69643186789511
15223434,79.30045093051427
2268084,356.41506133925554
264323,61.4260362629409
16601518,56.7331547713509
15553484,98.44720462221099
141890,191.45195338298933
3700364,173.19742547501372
14738282,282.79975097656165
869615,77.3145661316623
18287772,89.46494781480021
14053000,91.7337948078067
773993,82.963329903066
607312,147.1725431036982
16014653,66.67000117088783
4988190,86.6104856941503
3721036,83.32520151254032
7637472,85.46408586118433
16677170,170.2108740323822
1349237,62.727715075302925
7859403,79.01930991276926
7858096,67.26165369897741
16416857,114.31451637104773
1645105,152.79123868281278
10358712,45.100865891747915
4825135,284.14722312915774
13662692,148.69337331458124
7874869,39.2683922335265
16178928,163.7208147467377
14373121,154.33920187592943
562098,66.87595279951323
12071038,122.80886881313482
4825097,136.68802043999287
17594492,163.52056649326389
8643736,139.2025099043976
7837952,150.7846905382682
15642037,544.8186225497576
7367039,186.59838946732478
8539093,132.18163816463027
11939910,55.34773307316731
15274681,71.81377865903903
16489445,162.32462056153582
12545426,154.49955062115083
7410868,112.2420499217152
450577,161.73406100038036
2297549,53.17657595320802
1391683,52.45413980195863
6866419,67.82945453391007
6114353,74.2757052911996
11223328,169.17976441244576
17169353,476.4833616326151
13117361,140.66534280815543
13742690,93.61376710220729
11756349,148.7127570621498
14714093,52.15264052468008
3741945,69.7104110396598
9457545,114.23476413579077
4142934,121.37400957181056
13163427,266.8582744242322
15406819,48.49644927625792
11344102,140.02694423496982
15814363,84.951000441388
10941762,259.54593581936956
7858468,79.14130053288524
15059051,95.05848506243127
7177958,105.52358185306258
9967314,155.48889770936816
8881253,98.61985445137529
2444440,97.87505699750464
14339989,140.1376000222563
4890335,59.3746409423649
3307936,174.39574628083201
16393554,220.858925132996
11415130,163.95918566260883
14807078,167.6248371108814
11608002,174.19964249742105
449553,190.46421686432953
8445013,164.57937717029128
5804089,71.80011844128202
2524947,183.10518854319224
250973,58.45668221001646
17360353,92.55219468615562
1020731,115.33167041896722
2651125,126.36628667084564
13246804,70.09264833341415
14263618,71.71146930151501
8811514,168.42039003786002
7244923,155.44420426847927
8354383,142.10828051118673
16663157,52.198309907016366
3585452,99.51267656706534
12562302,55.8015223117723
14264350,318.095548565055
18005748,90.60524880789372
15023483,211.2053471180999
11375631,120.22567788748076
16345201,81.5051158520828
13065356,134.47353442251168
305245,231.42772553526086
4475128,60.894947045891776
875036,174.93857408321475
61470,196.87927329824703
